,Indice,Date,Opening,Highest,Lowest,Fermer,Cloture ajust√©,Volume,Before_After_Election,Day_of_Week,Month,Is_Holiday_Period
1073,CAC40,2012-11-05,"346 990,00","347 357,00","344 850,00","344 850,00","344 850,00","103 696 800,00",Before,Monday,November,yes
1074,CAC40,2012-11-02,"348 063,00","350 264,00","345 793,00","349 246,00","349 246,00","164 708 800,00",Before,Friday,November,yes
1075,CAC40,2012-11-01,"342 048,00","348 417,00","341 369,00","347 540,00","347 540,00","112 130 000,00",Before,Thursday,November,yes
1076,CAC40,2012-10-31,"345 934,00","348 478,00","342 927,00","342 927,00","342 927,00","118 320 800,00",Before,Wednesday,October,no
1077,CAC40,2012-10-30,"341 471,00","346 197,00","341 471,00","345 944,00","345 944,00","79 154 400,00",Before,Tuesday,October,no
1078,CAC40,2012-10-29,"341 938,00","342 134,00","339 489,00","340 889,00","340 889,00","101 421 800,00",Before,Monday,October,no
1079,CAC40,2012-10-26,"338 468,00","344 674,00","338 236,00","343 509,00","343 509,00","141 176 000,00",Before,Friday,October,no
1080,CAC40,2012-10-25,"342 783,00","345 730,00","340 893,00","341 153,00","341 153,00","132 274 000,00",Before,Thursday,October,no
1081,CAC40,2012-10-24,"342 183,00","343 376,00","338 871,00","342 649,00","342 649,00","123 443 600,00",Before,Wednesday,October,no
1082,CAC40,2012-10-23,"348 594,00","349 202,00","339 130,00","340 650,00","340 650,00","161 423 000,00",Before,Tuesday,October,no
1083,CAC40,2012-10-22,"349 838,00","351 905,00","347 582,00","348 325,00","348 325,00","134 746 600,00",Before,Monday,October,no
1084,CAC40,2012-10-19,"352 779,00","353 792,00","349 676,00","350 456,00","350 456,00","219 409 800,00",Before,Friday,October,no
1085,CAC40,2012-10-18,"352 776,00","354 258,00","350 840,00","353 518,00","353 518,00","184 827 000,00",Before,Thursday,October,no
1086,CAC40,2012-10-17,"350 382,00","353 079,00","349 435,00","352 750,00","352 750,00","229 314 400,00",Before,Wednesday,October,no
1087,CAC40,2012-10-16,"344 360,00","350 094,00","342 897,00","350 094,00","350 094,00","163 753 600,00",Before,Tuesday,October,no
1088,CAC40,2012-10-15,"338 776,00","343 952,00","338 776,00","342 028,00","342 028,00","125 729 400,00",Before,Monday,October,no
1089,CAC40,2012-10-12,"340 126,00","341 900,00","338 908,00","338 908,00","338 908,00","173 790 200,00",Before,Friday,October,no
1090,CAC40,2012-10-11,"335 285,00","342 398,00","335 144,00","341 372,00","341 372,00","141 013 400,00",Before,Thursday,October,no
1091,CAC40,2012-10-10,"337 092,00","338 738,00","336 587,00","336 587,00","336 587,00","140 022 200,00",Before,Wednesday,October,no
1092,CAC40,2012-10-09,"342 023,00","342 742,00","337 792,00","338 278,00","338 278,00","185 969 000,00",Before,Tuesday,October,no
1093,CAC40,2012-10-08,"342 932,00","342 986,00","340 497,00","340 653,00","340 653,00","123 548 600,00",Before,Monday,October,no
1094,CAC40,2012-10-05,"341 040,00","346 184,00","341 040,00","345 704,00","345 704,00","143 091 000,00",Before,Friday,October,no
1095,CAC40,2012-10-04,"342 211,00","343 244,00","338 748,00","340 120,00","340 120,00","111 079 600,00",Before,Thursday,October,no
1096,CAC40,2012-10-03,"339 679,00","342 074,00","338 795,00","340 602,00","340 602,00","118 791 200,00",Before,Wednesday,October,no
1097,CAC40,2012-10-02,"341 125,00","345 080,00","339 237,00","341 423,00","341 423,00","137 533 200,00",Before,Tuesday,October,no
1098,CAC40,2012-10-01,"334 807,00","343 893,00","334 807,00","343 498,00","343 498,00","161 579 200,00",Before,Monday,October,no
1099,CAC40,2012-09-28,"345 746,00","345 958,00","335 482,00","335 482,00","335 482,00","157 124 800,00",Before,Friday,September,no
1100,CAC40,2012-09-27,"343 741,00","344 746,00","342 131,00","343 932,00","343 932,00","114 155 800,00",Before,Thursday,September,no
1101,CAC40,2012-09-26,"347 174,00","347 271,00","341 484,00","341 484,00","341 484,00","163 388 200,00",Before,Wednesday,September,no
1102,CAC40,2012-09-25,"349 016,00","352 029,00","347 409,00","351 381,00","351 381,00","122 937 000,00",Before,Tuesday,September,no
1103,CAC40,2012-09-24,"350 134,00","351 407,00","348 354,00","349 722,00","349 722,00","106 334 400,00",Before,Monday,September,no
1104,CAC40,2012-09-21,"352 846,00","354 088,00","350 461,00","353 072,00","353 072,00","234 806 800,00",Before,Friday,September,no
1105,CAC40,2012-09-20,"350 101,00","352 094,00","348 636,00","350 992,00","350 992,00","137 676 200,00",Before,Thursday,September,no
1106,CAC40,2012-09-19,"352 867,00","354 032,00","350 373,00","353 182,00","353 182,00","155 636 400,00",Before,Wednesday,September,no
1107,CAC40,2012-09-18,"353 377,00","353 845,00","350 034,00","351 269,00","351 269,00","167 406 800,00",Before,Tuesday,September,no
1108,CAC40,2012-09-17,"355 857,00","357 398,00","355 263,00","355 369,00","355 369,00","142 076 400,00",Before,Monday,September,no
1109,CAC40,2012-09-14,"357 330,00","358 802,00","355 567,00","358 158,00","358 158,00","230 404 600,00",Before,Friday,September,no
1110,CAC40,2012-09-13,"354 092,00","354 093,00","349 411,00","350 209,00","350 209,00","155 258 400,00",Before,Thursday,September,no
1111,CAC40,2012-09-12,"354 619,00","357 541,00","352 588,00","354 379,00","354 379,00","212 529 600,00",Before,Wednesday,September,no
1112,CAC40,2012-09-11,"349 213,00","353 744,00","347 737,00","353 730,00","353 730,00","144 834 400,00",Before,Tuesday,September,no
1113,CAC40,2012-09-10,"351 366,00","352 802,00","350 348,00","350 605,00","350 605,00","139 082 000,00",Before,Monday,September,no
1114,CAC40,2012-09-07,"351 965,00","356 191,00","351 523,00","351 905,00","351 905,00","242 138 600,00",Before,Friday,September,no
1115,CAC40,2012-09-06,"341 288,00","350 988,00","341 151,00","350 988,00","350 988,00","214 895 200,00",Before,Thursday,September,no
1116,CAC40,2012-09-05,"339 923,00","342 639,00","337 280,00","340 579,00","340 579,00","137 866 600,00",Before,Wednesday,September,no
1117,CAC40,2012-09-04,"345 856,00","345 856,00","339 779,00","339 904,00","339 904,00","90 892 600,00",Before,Tuesday,September,no
1118,CAC40,2012-09-03,"340 196,00","345 371,00","339 403,00","345 371,00","345 371,00","77 359 400,00",Before,Monday,September,no
1119,CAC40,2012-08-31,"337 789,00","343 378,00","337 174,00","341 307,00","341 307,00","159 808 000,00",Before,Friday,August,no
1120,CAC40,2012-08-30,"340 513,00","341 404,00","337 216,00","337 911,00","337 911,00","121 919 400,00",Before,Thursday,August,no
1121,CAC40,2012-08-29,"342 740,00","343 412,00","340 342,00","341 389,00","341 389,00","98 265 400,00",Before,Wednesday,August,no
1122,CAC40,2012-08-28,"344 000,00","345 566,00","342 105,00","343 155,00","343 155,00","85 575 000,00",Before,Tuesday,August,no
1123,CAC40,2012-08-27,"342 255,00","346 283,00","341 469,00","346 283,00","346 283,00","79 701 800,00",Before,Monday,August,no
1124,CAC40,2012-08-24,"343 210,00","344 233,00","339 681,00","343 321,00","343 321,00","107 574 600,00",Before,Friday,August,no
1125,CAC40,2012-08-23,"348 595,00","349 580,00","341 535,00","343 256,00","343 256,00","112 876 400,00",Before,Thursday,August,no
1126,CAC40,2012-08-22,"348 453,00","350 054,00","346 165,00","346 165,00","346 165,00","99 352 000,00",Before,Wednesday,August,no
1127,CAC40,2012-08-21,"349 156,00","352 385,00","349 156,00","351 328,00","351 328,00","107 936 200,00",Before,Tuesday,August,no
1128,CAC40,2012-08-20,"348 447,00","350 560,00","345 893,00","348 058,00","348 058,00","114 608 000,00",Before,Monday,August,no
1129,CAC40,2012-08-17,"349 160,00","350 191,00","347 539,00","348 838,00","348 838,00","144 554 400,00",Before,Friday,August,no
1130,CAC40,2012-08-16,"345 978,00","348 049,00","343 817,00","348 049,00","348 049,00","109 118 400,00",Before,Thursday,August,no
1131,CAC40,2012-08-15,"343 630,00","346 303,00","342 434,00","344 920,00","344 920,00","61 739 600,00",Before,Wednesday,August,no
1132,CAC40,2012-08-14,"344 433,00","345 926,00","343 215,00","345 027,00","345 027,00","90 552 800,00",Before,Tuesday,August,no
1133,CAC40,2012-08-13,"342 953,00","345 357,00","341 094,00","342 641,00","342 641,00","88 928 400,00",Before,Monday,August,no
1134,CAC40,2012-08-10,"343 803,00","344 224,00","341 351,00","343 562,00","343 562,00","114 694 000,00",Before,Friday,August,no
1135,CAC40,2012-08-09,"345 425,00","346 429,00","342 160,00","345 671,00","345 671,00","121 509 600,00",Before,Thursday,August,no
1136,CAC40,2012-08-08,"343 912,00","345 249,00","342 082,00","343 826,00","343 826,00","131 818 400,00",Before,Wednesday,August,no
1137,CAC40,2012-08-07,"340 037,00","345 328,00","339 859,00","345 328,00","345 328,00","171 331 800,00",Before,Tuesday,August,no
1138,CAC40,2012-08-06,"336 537,00","341 631,00","335 820,00","340 156,00","340 156,00","143 402 200,00",Before,Monday,August,no
2591,S&P500,2012-11-05,"141 402,00","141 990,00","140 813,00","141 726,00","141 726,00","2 921 040 000,00",Before,Monday,November,yes
2592,S&P500,2012-11-02,"142 759,00","143 427,00","141 291,00","141 420,00","141 420,00","3 732 480 000,00",Before,Friday,November,yes
2593,S&P500,2012-11-01,"141 220,00","142 835,00","141 220,00","142 759,00","142 759,00","3 929 890 000,00",Before,Thursday,November,yes
2594,S&P500,2012-10-31,"141 099,00","141 876,00","140 595,00","141 216,00","141 216,00","3 577 110 000,00",Before,Wednesday,October,no
2595,S&P500,2012-10-26,"141 297,00","141 709,00","140 328,00","141 194,00","141 194,00","3 284 910 000,00",Before,Friday,October,no
2596,S&P500,2012-10-25,"140 974,00","142 112,00","140 514,00","141 297,00","141 297,00","3 512 640 000,00",Before,Thursday,October,no
2597,S&P500,2012-10-24,"141 320,00","142 004,00","140 710,00","140 875,00","140 875,00","3 385 970 000,00",Before,Wednesday,October,no
2598,S&P500,2012-10-23,"143 374,00","143 374,00","140 756,00","141 311,00","141 311,00","3 587 670 000,00",Before,Tuesday,October,no
2599,S&P500,2012-10-22,"143 321,00","143 546,00","142 206,00","143 382,00","143 382,00","3 216 220 000,00",Before,Monday,October,no
2600,S&P500,2012-10-19,"145 734,00","145 734,00","142 985,00","143 319,00","143 319,00","3 875 170 000,00",Before,Friday,October,no
2601,S&P500,2012-10-18,"146 094,00","146 402,00","145 263,00","145 734,00","145 734,00","3 880 030 000,00",Before,Thursday,October,no
2602,S&P500,2012-10-17,"145 422,00","146 220,00","145 335,00","146 091,00","146 091,00","3 655 320 000,00",Before,Wednesday,October,no
2603,S&P500,2012-10-16,"144 031,00","145 551,00","144 031,00","145 492,00","145 492,00","3 568 770 000,00",Before,Tuesday,October,no
2604,S&P500,2012-10-15,"142 875,00","144 131,00","142 724,00","144 013,00","144 013,00","3 483 810 000,00",Before,Monday,October,no
2605,S&P500,2012-10-12,"143 284,00","143 843,00","142 553,00","142 859,00","142 859,00","3 134 750 000,00",Before,Friday,October,no
2606,S&P500,2012-10-11,"143 282,00","144 390,00","143 282,00","143 284,00","143 284,00","3 672 540 000,00",Before,Thursday,October,no
2607,S&P500,2012-10-10,"144 148,00","144 252,00","143 064,00","143 256,00","143 256,00","3 225 060 000,00",Before,Wednesday,October,no
2608,S&P500,2012-10-09,"145 590,00","145 590,00","144 118,00","144 148,00","144 148,00","3 216 320 000,00",Before,Tuesday,October,no
2609,S&P500,2012-10-08,"146 093,00","146 093,00","145 310,00","145 588,00","145 588,00","2 328 720 000,00",Before,Monday,October,no
2610,S&P500,2012-10-05,"146 140,00","147 096,00","145 689,00","146 093,00","146 093,00","3 172 940 000,00",Before,Friday,October,no
2611,S&P500,2012-10-04,"145 108,00","146 314,00","145 108,00","146 140,00","146 140,00","3 615 860 000,00",Before,Thursday,October,no
2612,S&P500,2012-10-03,"144 605,00","145 430,00","144 199,00","145 099,00","145 099,00","3 531 640 000,00",Before,Wednesday,October,no
2613,S&P500,2012-10-02,"144 499,00","145 152,00","143 901,00","144 575,00","144 575,00","3 321 790 000,00",Before,Tuesday,October,no
2614,S&P500,2012-10-01,"144 090,00","145 714,00","144 090,00","144 449,00","144 449,00","3 505 080 000,00",Before,Monday,October,no
2615,S&P500,2012-09-28,"144 713,00","144 713,00","143 560,00","144 067,00","144 067,00","3 509 230 000,00",Before,Friday,September,no
2616,S&P500,2012-09-27,"143 336,00","145 020,00","143 336,00","144 715,00","144 715,00","3 150 330 000,00",Before,Thursday,September,no
2617,S&P500,2012-09-26,"144 160,00","144 160,00","143 053,00","143 332,00","143 332,00","3 565 380 000,00",Before,Wednesday,September,no
2618,S&P500,2012-09-25,"145 694,00","146 324,00","144 159,00","144 159,00","144 159,00","3 739 900 000,00",Before,Tuesday,September,no
2619,S&P500,2012-09-24,"145 976,00","146 072,00","145 206,00","145 689,00","145 689,00","3 008 920 000,00",Before,Monday,September,no
2620,S&P500,2012-09-21,"146 034,00","146 707,00","145 951,00","146 015,00","146 015,00","4 833 870 000,00",Before,Friday,September,no
2621,S&P500,2012-09-20,"146 105,00","146 123,00","144 998,00","146 026,00","146 026,00","3 382 520 000,00",Before,Thursday,September,no
2622,S&P500,2012-09-19,"145 950,00","146 515,00","145 788,00","146 105,00","146 105,00","3 451 360 000,00",Before,Wednesday,September,no
2623,S&P500,2012-09-18,"146 119,00","146 147,00","145 613,00","145 932,00","145 932,00","3 377 390 000,00",Before,Tuesday,September,no
2624,S&P500,2012-09-17,"146 542,00","146 563,00","145 755,00","146 119,00","146 119,00","3 482 430 000,00",Before,Monday,September,no
2625,S&P500,2012-09-14,"146 007,00","147 451,00","146 007,00","146 577,00","146 577,00","5 041 990 000,00",Before,Friday,September,no
2626,S&P500,2012-09-13,"143 656,00","146 376,00","143 534,00","145 999,00","145 999,00","4 606 550 000,00",Before,Thursday,September,no
2627,S&P500,2012-09-12,"143 356,00","143 915,00","143 299,00","143 656,00","143 656,00","3 641 200 000,00",Before,Wednesday,September,no
2628,S&P500,2012-09-11,"142 913,00","143 776,00","142 913,00","143 356,00","143 356,00","3 509 630 000,00",Before,Tuesday,September,no
2629,S&P500,2012-09-10,"143 792,00","143 874,00","142 898,00","142 908,00","142 908,00","3 223 670 000,00",Before,Monday,September,no
2630,S&P500,2012-09-07,"143 212,00","143 792,00","143 145,00","143 792,00","143 792,00","3 717 620 000,00",Before,Friday,September,no
2631,S&P500,2012-09-06,"140 374,00","143 212,00","140 374,00","143 212,00","143 212,00","3 952 870 000,00",Before,Thursday,September,no
2632,S&P500,2012-09-05,"140 494,00","140 881,00","140 125,00","140 344,00","140 344,00","3 389 110 000,00",Before,Wednesday,September,no
2633,S&P500,2012-09-04,"140 654,00","140 931,00","139 656,00","140 494,00","140 494,00","3 200 310 000,00",Before,Tuesday,September,no
2634,S&P500,2012-08-31,"140 007,00","141 309,00","139 896,00","140 658,00","140 658,00","2 938 250 000,00",Before,Friday,August,no
2635,S&P500,2012-08-30,"141 008,00","141 008,00","139 701,00","139 948,00","139 948,00","2 530 280 000,00",Before,Thursday,August,no
2636,S&P500,2012-08-29,"140 932,00","141 395,00","140 657,00","141 049,00","141 049,00","2 571 220 000,00",Before,Wednesday,August,no
2637,S&P500,2012-08-28,"141 044,00","141 363,00","140 559,00","140 930,00","140 930,00","2 629 090 000,00",Before,Tuesday,August,no
2638,S&P500,2012-08-27,"141 113,00","141 617,00","140 911,00","141 044,00","141 044,00","2 472 500 000,00",Before,Monday,August,no
2639,S&P500,2012-08-24,"140 199,00","141 346,00","139 804,00","141 113,00","141 113,00","2 598 790 000,00",Before,Friday,August,no
2640,S&P500,2012-08-23,"141 349,00","141 349,00","140 050,00","140 208,00","140 208,00","3 008 240 000,00",Before,Thursday,August,no
2641,S&P500,2012-08-22,"141 309,00","141 612,00","140 678,00","141 349,00","141 349,00","3 062 690 000,00",Before,Wednesday,August,no
2642,S&P500,2012-08-21,"141 813,00","142 668,00","141 086,00","141 317,00","141 317,00","3 282 950 000,00",Before,Tuesday,August,no
2643,S&P500,2012-08-20,"141 785,00","141 813,00","141 212,00","141 813,00","141 813,00","2 766 320 000,00",Before,Monday,August,no
2644,S&P500,2012-08-17,"141 584,00","141 871,00","141 467,00","141 816,00","141 816,00","2 922 990 000,00",Before,Friday,August,no
2645,S&P500,2012-08-16,"140 557,00","141 744,00","140 415,00","141 551,00","141 551,00","3 114 100 000,00",Before,Thursday,August,no
2646,S&P500,2012-08-15,"140 389,00","140 773,00","140 183,00","140 553,00","140 553,00","2 655 750 000,00",Before,Wednesday,August,no
2647,S&P500,2012-08-14,"140 436,00","141 003,00","140 060,00","140 393,00","140 393,00","2 930 900 000,00",Before,Tuesday,August,no
2648,S&P500,2012-08-13,"140 587,00","140 587,00","139 732,00","140 411,00","140 411,00","2 499 990 000,00",Before,Monday,August,no
2649,S&P500,2012-08-10,"140 258,00","140 598,00","139 562,00","140 587,00","140 587,00","2 767 980 000,00",Before,Friday,August,no
2650,S&P500,2012-08-09,"140 226,00","140 595,00","139 880,00","140 280,00","140 280,00","3 119 610 000,00",Before,Thursday,August,no
2651,S&P500,2012-08-08,"140 123,00","140 414,00","139 613,00","140 222,00","140 222,00","3 221 790 000,00",Before,Wednesday,August,no
2652,S&P500,2012-08-07,"139 446,00","140 714,00","139 446,00","140 135,00","140 135,00","3 682 490 000,00",Before,Tuesday,August,no
2653,S&P500,2012-08-06,"139 104,00","139 963,00","139 104,00","139 423,00","139 423,00","3 122 050 000,00",Before,Monday,August,no
4098,Gold,2012-11-05,"168 280,00","168 310,00","167 430,00","168 220,00","168 220,00","7,00",Before,Monday,November,yes
4099,Gold,2012-11-02,"171 130,00","171 130,00","167 410,00","167 410,00","167 410,00","50,00",Before,Friday,November,yes
4100,Gold,2012-11-01,"172 230,00","172 510,00","171 410,00","171 410,00","171 410,00","24,00",Before,Thursday,November,yes
4101,Gold,2012-10-31,"171 440,00","172 450,00","171 440,00","171 750,00","171 750,00","64,00",Before,Wednesday,October,no
4102,Gold,2012-10-26,"170 610,00","171 620,00","170 610,00","171 090,00","171 090,00","77,00",Before,Friday,October,no
4103,Gold,2012-10-25,"171 170,00","171 670,00","171 170,00","171 200,00","171 200,00","33,00",Before,Thursday,October,no
4104,Gold,2012-10-24,"170 840,00","170 850,00","169 860,00","170 050,00","170 050,00","27,00",Before,Wednesday,October,no
4105,Gold,2012-10-23,"172 660,00","172 660,00","170 830,00","170 830,00","170 830,00","75,00",Before,Tuesday,October,no
4106,Gold,2012-10-22,"171 500,00","172 830,00","171 500,00","172 510,00","172 510,00","12,00",Before,Monday,October,no
4107,Gold,2012-10-19,"174 110,00","174 110,00","172 100,00","172 280,00","172 280,00","70,00",Before,Friday,October,no
4108,Gold,2012-10-18,"174 910,00","174 910,00","174 050,00","174 330,00","174 330,00","27,00",Before,Thursday,October,no
4109,Gold,2012-10-17,"174 940,00","175 150,00","174 600,00","175 150,00","175 150,00","36,00",Before,Wednesday,October,no
4110,Gold,2012-10-16,"173 670,00","174 470,00","173 660,00","174 470,00","174 470,00","15,00",Before,Tuesday,October,no
4111,Gold,2012-10-15,"175 000,00","175 000,00","172 990,00","173 600,00","173 600,00","108,00",Before,Monday,October,no
4112,Gold,2012-10-12,"176 950,00","176 950,00","175 360,00","175 800,00","175 800,00","84,00",Before,Friday,October,no
4113,Gold,2012-10-11,"176 160,00","177 100,00","176 160,00","176 880,00","176 880,00","30,00",Before,Thursday,October,no
4114,Gold,2012-10-10,"176 240,00","176 420,00","175 810,00","176 320,00","176 320,00","29,00",Before,Wednesday,October,no
4115,Gold,2012-10-09,"177 670,00","177 670,00","176 230,00","176 300,00","176 300,00","24,00",Before,Tuesday,October,no
4116,Gold,2012-10-08,"177 800,00","177 800,00","176 680,00","177 350,00","177 350,00","33,00",Before,Monday,October,no
4117,Gold,2012-10-05,"179 220,00","179 220,00","177 660,00","177 860,00","177 860,00","257,00",Before,Friday,October,no
4118,Gold,2012-10-04,"178 350,00","179 480,00","178 350,00","179 410,00","179 410,00","199,00",Before,Thursday,October,no
4119,Gold,2012-10-03,"177 220,00","177 990,00","177 190,00","177 730,00","177 730,00","134,00",Before,Wednesday,October,no
4120,Gold,2012-10-02,"177 790,00","177 930,00","177 270,00","177 270,00","177 270,00","94,00",Before,Tuesday,October,no
4121,Gold,2012-10-01,"176 600,00","179 100,00","176 330,00","178 050,00","178 050,00","816,00",Before,Monday,October,no
4122,Gold,2012-09-28,"177 680,00","178 220,00","176 750,00","177 110,00","177 110,00","2 839,00",Before,Friday,September,no
4123,Gold,2012-09-27,"175 260,00","178 020,00","175 070,00","177 760,00","177 760,00","6 989,00",Before,Thursday,September,no
4124,Gold,2012-09-26,"176 280,00","176 420,00","174 300,00","175 060,00","175 060,00","15 237,00",Before,Wednesday,September,no
4125,Gold,2012-09-25,"177 260,00","177 270,00","176 380,00","176 380,00","176 380,00","5,00",Before,Tuesday,September,no
4126,Gold,2012-09-24,"176 210,00","176 210,00","176 210,00","176 210,00","176 210,00","4,00",Before,Monday,September,no
4127,Gold,2012-09-21,"178 530,00","178 530,00","177 230,00","177 550,00","177 550,00","10,00",Before,Friday,September,no
4128,Gold,2012-09-20,"176 910,00","177 130,00","176 060,00","176 770,00","176 770,00","17,00",Before,Thursday,September,no
4129,Gold,2012-09-19,"177 600,00","177 850,00","176 800,00","176 900,00","176 900,00","27,00",Before,Wednesday,September,no
4130,Gold,2012-09-18,"176 630,00","176 840,00","176 630,00","176 840,00","176 840,00","13,00",Before,Tuesday,September,no
4131,Gold,2012-09-17,"177 480,00","177 480,00","175 380,00","176 770,00","176 770,00","54,00",Before,Monday,September,no
4132,Gold,2012-09-14,"177 100,00","177 450,00","176 600,00","176 980,00","176 980,00","25,00",Before,Friday,September,no
4133,Gold,2012-09-13,"172 870,00","176 910,00","172 870,00","176 910,00","176 910,00","33,00",Before,Thursday,September,no
4134,Gold,2012-09-12,"174 220,00","174 230,00","173 050,00","173 060,00","173 060,00","15,00",Before,Wednesday,September,no
4135,Gold,2012-09-11,"173 600,00","173 600,00","173 180,00","173 180,00","173 180,00","2,00",Before,Tuesday,September,no
4136,Gold,2012-09-10,"173 310,00","173 350,00","172 720,00","172 870,00","172 870,00","14,00",Before,Monday,September,no
4137,Gold,2012-09-07,"169 670,00","173 820,00","169 670,00","173 750,00","173 750,00","109,00",Before,Friday,September,no
4138,Gold,2012-09-06,"169 640,00","171 240,00","169 640,00","170 260,00","170 260,00","39,00",Before,Thursday,September,no
4139,Gold,2012-09-05,"169 040,00","169 330,00","169 040,00","169 080,00","169 080,00","82,00",Before,Wednesday,September,no
4140,Gold,2012-09-04,"168 910,00","169 800,00","168 770,00","169 290,00","169 290,00","43,00",Before,Tuesday,September,no
4141,Gold,2012-08-31,"165 860,00","169 000,00","164 620,00","168 460,00","168 460,00","58,00",Before,Friday,August,no
4142,Gold,2012-08-30,"165 540,00","166 200,00","165 070,00","165 350,00","165 350,00","418,00",Before,Thursday,August,no
4143,Gold,2012-08-29,"166 720,00","166 730,00","165 980,00","165 980,00","165 980,00","403,00",Before,Wednesday,August,no
4144,Gold,2012-08-28,"165 990,00","167 100,00","165 920,00","166 650,00","166 650,00","51,00",Before,Tuesday,August,no
4145,Gold,2012-08-27,"167 490,00","167 490,00","166 390,00","167 240,00","167 240,00","42,00",Before,Monday,August,no
4146,Gold,2012-08-24,"166 580,00","166 980,00","166 220,00","166 980,00","166 980,00","24,00",Before,Friday,August,no
4147,Gold,2012-08-23,"165 990,00","167 270,00","165 800,00","166 960,00","166 960,00","141,00",Before,Thursday,August,no
4148,Gold,2012-08-22,"163 840,00","165 310,00","163 500,00","163 740,00","163 740,00","37,00",Before,Wednesday,August,no
4149,Gold,2012-08-21,"162 000,00","163 990,00","162 000,00","163 990,00","163 990,00","258,00",Before,Tuesday,August,no
4150,Gold,2012-08-20,"161 400,00","162 140,00","161 160,00","162 010,00","162 010,00","68,00",Before,Monday,August,no
4151,Gold,2012-08-17,"161 780,00","161 780,00","161 140,00","161 630,00","161 630,00","249,00",Before,Friday,August,no
4152,Gold,2012-08-16,"160 020,00","161 610,00","160 020,00","161 610,00","161 610,00","199,00",Before,Thursday,August,no
4153,Gold,2012-08-15,"159 380,00","160 460,00","159 200,00","160 370,00","160 370,00","280,00",Before,Wednesday,August,no
4154,Gold,2012-08-14,"161 280,00","161 560,00","159 120,00","159 940,00","159 940,00","910,00",Before,Tuesday,August,no
4155,Gold,2012-08-13,"162 200,00","162 370,00","160 730,00","160 960,00","160 960,00","402,00",Before,Monday,August,no
4156,Gold,2012-08-10,"161 580,00","162 410,00","160 500,00","161 970,00","161 970,00","1 219,00",Before,Friday,August,no
4157,Gold,2012-08-09,"161 280,00","161 720,00","161 010,00","161 710,00","161 710,00","433,00",Before,Thursday,August,no
4158,Gold,2012-08-08,"161 020,00","161 480,00","160 300,00","161 290,00","161 290,00","341,00",Before,Wednesday,August,no
4159,Gold,2012-08-07,"161 080,00","161 570,00","160 930,00","160 970,00","160 970,00","449,00",Before,Tuesday,August,no
4160,Gold,2012-08-06,"160 470,00","161 410,00","160 320,00","161 290,00","161 290,00","662,00",Before,Monday,August,no
5646,EURUSD,2012-11-05,"12 825,00","12 843,00","12 770,00","12 828,00","12 828,00",nan,Before,Monday,November,yes
5647,EURUSD,2012-11-02,"12 948,00","12 954,00","12 838,00","12 948,00","12 948,00",nan,Before,Friday,November,yes
5648,EURUSD,2012-11-01,"12 965,00","12 983,00","12 928,00","12 965,00","12 965,00",nan,Before,Thursday,November,yes
5649,EURUSD,2012-10-31,"12 962,00","13 019,00","12 947,00","12 963,00","12 963,00",nan,Before,Wednesday,October,no
5650,EURUSD,2012-10-30,"12 908,00","12 984,00","12 888,00","12 908,00","12 908,00",nan,Before,Tuesday,October,no
5651,EURUSD,2012-10-29,"12 923,00","12 937,00","12 890,00","12 924,00","12 924,00",nan,Before,Monday,October,no
5652,EURUSD,2012-10-26,"12 938,00","12 957,00","12 892,00","12 938,00","12 938,00",nan,Before,Friday,October,no
5653,EURUSD,2012-10-25,"12 965,00","13 022,00","12 944,00","12 965,00","12 965,00",nan,Before,Thursday,October,no
5654,EURUSD,2012-10-24,"12 974,00","12 999,00","12 924,00","12 974,00","12 974,00",nan,Before,Wednesday,October,no
5655,EURUSD,2012-10-23,"13 070,00","13 072,00","12 954,00","13 070,00","13 070,00",nan,Before,Tuesday,October,no
5656,EURUSD,2012-10-22,"13 023,00","13 080,00","13 023,00","13 023,00","13 023,00",nan,Before,Monday,October,no
5657,EURUSD,2012-10-19,"13 070,00","13 079,00","13 016,00","13 069,00","13 069,00",nan,Before,Friday,October,no
5658,EURUSD,2012-10-18,"13 116,00","13 129,00","13 083,00","13 116,00","13 116,00",nan,Before,Thursday,October,no
5659,EURUSD,2012-10-17,"13 108,00","13 138,00","13 087,00","13 108,00","13 108,00",nan,Before,Wednesday,October,no
5660,EURUSD,2012-10-16,"12 968,00","13 062,00","12 953,00","12 968,00","12 968,00",nan,Before,Tuesday,October,no
5661,EURUSD,2012-10-15,"12 942,00","12 980,00","12 898,00","12 943,00","12 943,00",nan,Before,Monday,October,no
5662,EURUSD,2012-10-12,"12 933,00","12 990,00","12 925,00","12 933,00","12 933,00",nan,Before,Friday,October,no
5663,EURUSD,2012-10-11,"12 860,00","12 952,00","12 830,00","12 858,00","12 858,00",nan,Before,Thursday,October,no
5664,EURUSD,2012-10-10,"12 858,00","12 912,00","12 840,00","12 858,00","12 858,00",nan,Before,Wednesday,October,no
5665,EURUSD,2012-10-09,"12 977,00","12 993,00","12 868,00","12 977,00","12 977,00",nan,Before,Tuesday,October,no
5666,EURUSD,2012-10-08,"13 016,00","13 016,00","12 940,00","13 016,00","13 016,00",nan,Before,Monday,October,no
5667,EURUSD,2012-10-05,"13 016,00","13 072,00","12 997,00","13 017,00","13 017,00",nan,Before,Friday,October,no
5668,EURUSD,2012-10-04,"12 925,00","13 010,00","12 913,00","12 923,00","12 923,00",nan,Before,Thursday,October,no
5669,EURUSD,2012-10-03,"12 915,00","12 938,00","12 882,00","12 917,00","12 917,00",nan,Before,Wednesday,October,no
5670,EURUSD,2012-10-02,"12 888,00","12 959,00","12 885,00","12 888,00","12 888,00",nan,Before,Tuesday,October,no
5671,EURUSD,2012-10-01,"12 807,00","12 935,00","12 807,00","12 809,00","12 809,00",nan,Before,Monday,October,no
5672,EURUSD,2012-09-28,"12 913,00","12 958,00","12 842,00","12 913,00","12 913,00",nan,Before,Friday,September,no
5673,EURUSD,2012-09-27,"12 882,00","12 902,00","12 837,00","12 882,00","12 882,00",nan,Before,Thursday,September,no
5674,EURUSD,2012-09-26,"12 900,00","12 913,00","12 841,00","12 900,00","12 900,00",nan,Before,Wednesday,September,no
5675,EURUSD,2012-09-25,"12 942,00","12 971,00","12 888,00","12 942,00","12 942,00",nan,Before,Tuesday,September,no
5676,EURUSD,2012-09-24,"12 969,00","12 980,00","12 895,00","12 968,00","12 968,00",nan,Before,Monday,September,no
5677,EURUSD,2012-09-21,"12 974,00","13 045,00","12 962,00","12 974,00","12 974,00",nan,Before,Friday,September,no
5678,EURUSD,2012-09-20,"13 058,00","13 060,00","12 923,00","13 058,00","13 058,00",nan,Before,Thursday,September,no
5679,EURUSD,2012-09-19,"13 046,00","13 086,00","12 997,00","13 046,00","13 046,00",nan,Before,Wednesday,September,no
5680,EURUSD,2012-09-18,"13 110,00","13 114,00","13 043,00","13 110,00","13 110,00",nan,Before,Tuesday,September,no
5681,EURUSD,2012-09-17,"13 116,00","13 166,00","13 088,00","13 116,00","13 116,00",nan,Before,Monday,September,no
5682,EURUSD,2012-09-14,"12 994,00","13 168,00","12 985,00","12 994,00","12 994,00",nan,Before,Friday,September,no
5683,EURUSD,2012-09-13,"12 903,00","12 932,00","12 887,00","12 903,00","12 903,00",nan,Before,Thursday,September,no
5684,EURUSD,2012-09-12,"12 852,00","12 937,00","12 846,00","12 852,00","12 852,00",nan,Before,Wednesday,September,no
5685,EURUSD,2012-09-11,"12 762,00","12 870,00","12 760,00","12 762,00","12 762,00",nan,Before,Tuesday,September,no
5686,EURUSD,2012-09-10,"12 796,00","12 804,00","12 773,00","12 796,00","12 796,00",nan,Before,Monday,September,no
5687,EURUSD,2012-09-07,"12 633,00","12 802,00","12 628,00","12 633,00","12 633,00",nan,Before,Friday,September,no
5688,EURUSD,2012-09-06,"12 602,00","12 642,00","12 564,00","12 602,00","12 602,00",nan,Before,Thursday,September,no
5689,EURUSD,2012-09-05,"12 538,00","12 621,00","12 505,00","12 534,00","12 534,00",nan,Before,Wednesday,September,no
5690,EURUSD,2012-09-04,"12 587,00","12 626,00","12 560,00","12 587,00","12 587,00",nan,Before,Tuesday,September,no
5691,EURUSD,2012-09-03,"12 577,00","12 603,00","12 561,00","12 577,00","12 577,00",nan,Before,Monday,September,no
5692,EURUSD,2012-08-31,"12 511,00","12 629,00","12 497,00","12 511,00","12 511,00",nan,Before,Friday,August,no
5693,EURUSD,2012-08-30,"12 531,00","12 564,00","12 495,00","12 531,00","12 531,00",nan,Before,Thursday,August,no
5694,EURUSD,2012-08-29,"12 572,00","12 572,00","12 522,00","12 572,00","12 572,00",nan,Before,Wednesday,August,no
5695,EURUSD,2012-08-28,"12 502,00","12 572,00","12 468,00","12 502,00","12 502,00",nan,Before,Tuesday,August,no
5696,EURUSD,2012-08-27,"12 505,00","12 536,00","12 492,00","12 504,00","12 504,00",nan,Before,Monday,August,no
5697,EURUSD,2012-08-24,"12 561,00","12 568,00","12 489,00","12 561,00","12 561,00",nan,Before,Friday,August,no
5698,EURUSD,2012-08-23,"12 534,00","12 589,00","12 528,00","12 534,00","12 534,00",nan,Before,Thursday,August,no
5699,EURUSD,2012-08-22,"12 477,00","12 484,00","12 435,00","12 477,00","12 477,00",nan,Before,Wednesday,August,no
5700,EURUSD,2012-08-21,"12 352,00","12 488,00","12 348,00","12 353,00","12 353,00",nan,Before,Tuesday,August,no
5701,EURUSD,2012-08-20,"12 333,00","12 368,00","12 297,00","12 333,00","12 333,00",nan,Before,Monday,August,no
5702,EURUSD,2012-08-17,"12 358,00","12 383,00","12 293,00","12 358,00","12 358,00",nan,Before,Friday,August,no
5703,EURUSD,2012-08-16,"12 290,00","12 371,00","12 259,00","12 290,00","12 290,00",nan,Before,Thursday,August,no
5704,EURUSD,2012-08-15,"12 326,00","12 344,00","12 268,00","12 326,00","12 326,00",nan,Before,Wednesday,August,no
5705,EURUSD,2012-08-14,"12 327,00","12 385,00","12 318,00","12 327,00","12 327,00",nan,Before,Tuesday,August,no
5706,EURUSD,2012-08-13,"12 276,00","12 372,00","12 264,00","12 277,00","12 277,00",nan,Before,Monday,August,no
5707,EURUSD,2012-08-10,"12 294,00","12 316,00","12 247,00","12 294,00","12 294,00",nan,Before,Friday,August,no
5708,EURUSD,2012-08-09,"12 372,00","12 387,00","12 270,00","12 373,00","12 373,00",nan,Before,Thursday,August,no
5709,EURUSD,2012-08-08,"12 387,00","12 401,00","12 331,00","12 387,00","12 387,00",nan,Before,Wednesday,August,no
5710,EURUSD,2012-08-07,"12 390,00","12 441,00","12 377,00","12 390,00","12 390,00",nan,Before,Tuesday,August,no
5711,EURUSD,2012-08-06,"12 429,00","12 429,00","12 344,00","12 429,00","12 429,00",nan,Before,Monday,August,no
7171,NASDAQ,2012-11-05,"298 303,00","300 487,00","297 585,00","299 966,00","299 966,00","1 496 210 000,00",Before,Monday,November,yes
7172,NASDAQ,2012-11-02,"303 385,00","303 385,00","298 169,00","298 213,00","298 213,00","1 834 590 000,00",Before,Friday,November,yes
7173,NASDAQ,2012-11-01,"298 754,00","302 194,00","298 422,00","302 006,00","302 006,00","1 880 140 000,00",Before,Thursday,November,yes
7174,NASDAQ,2012-10-31,"298 685,00","298 970,00","296 494,00","297 723,00","297 723,00","1 806 780 000,00",Before,Wednesday,October,no
7175,NASDAQ,2012-10-26,"298 605,00","299 914,00","296 116,00","298 795,00","298 795,00","1 839 700 000,00",Before,Friday,October,no
7176,NASDAQ,2012-10-25,"300 504,00","300 771,00","297 598,00","298 612,00","298 612,00","1 922 660 000,00",Before,Thursday,October,no
7177,NASDAQ,2012-10-24,"301 182,00","301 295,00","297 873,00","298 170,00","298 170,00","1 967 000 000,00",Before,Wednesday,October,no
7178,NASDAQ,2012-10-23,"298 944,00","300 659,00","297 407,00","299 046,00","299 046,00","1 830 840 000,00",Before,Tuesday,October,no
7179,NASDAQ,2012-10-22,"300 592,00","302 061,00","299 578,00","301 696,00","301 696,00","1 654 130 000,00",Before,Monday,October,no
7180,NASDAQ,2012-10-19,"306 656,00","306 656,00","300 027,00","300 562,00","300 562,00","2 225 580 000,00",Before,Friday,October,no
7181,NASDAQ,2012-10-18,"309 777,00","310 256,00","306 524,00","307 287,00","307 287,00","2 043 290 000,00",Before,Thursday,October,no
7182,NASDAQ,2012-10-17,"309 138,00","311 245,00","308 805,00","310 412,00","310 412,00","1 770 920 000,00",Before,Wednesday,October,no
7183,NASDAQ,2012-10-16,"307 321,00","310 297,00","307 025,00","310 117,00","310 117,00","1 736 930 000,00",Before,Tuesday,October,no
7184,NASDAQ,2012-10-15,"305 321,00","306 631,00","303 727,00","306 418,00","306 418,00","1 563 440 000,00",Before,Monday,October,no
7185,NASDAQ,2012-10-12,"304 908,00","306 177,00","303 958,00","304 411,00","304 411,00","1 524 840 000,00",Before,Friday,October,no
7186,NASDAQ,2012-10-11,"307 589,00","307 808,00","304 714,00","304 941,00","304 941,00","1 595 020 000,00",Before,Thursday,October,no
7187,NASDAQ,2012-10-10,"306 625,00","307 157,00","304 678,00","305 178,00","305 178,00","1 788 970 000,00",Before,Wednesday,October,no
7188,NASDAQ,2012-10-09,"310 801,00","310 801,00","306 252,00","306 502,00","306 502,00","1 645 740 000,00",Before,Tuesday,October,no
7189,NASDAQ,2012-10-08,"312 133,00","312 549,00","310 757,00","311 235,00","311 235,00","1 186 260 000,00",Before,Monday,October,no
7190,NASDAQ,2012-10-05,"316 121,00","317 146,00","313 076,00","313 619,00","313 619,00","1 607 940 000,00",Before,Friday,October,no
7191,NASDAQ,2012-10-04,"314 238,00","315 348,00","313 256,00","314 946,00","314 946,00","1 585 190 000,00",Before,Thursday,October,no
7192,NASDAQ,2012-10-03,"313 085,00","314 236,00","311 504,00","313 523,00","313 523,00","1 704 050 000,00",Before,Wednesday,October,no
7193,NASDAQ,2012-10-02,"312 773,00","313 164,00","310 164,00","312 004,00","312 004,00","1 609 570 000,00",Before,Tuesday,October,no
7194,NASDAQ,2012-10-01,"313 031,00","314 699,00","310 389,00","311 353,00","311 353,00","1 758 170 000,00",Before,Monday,October,no
7195,NASDAQ,2012-09-28,"312 531,00","313 251,00","310 991,00","311 623,00","311 623,00","1 864 640 000,00",Before,Friday,September,no
7196,NASDAQ,2012-09-27,"310 587,00","314 202,00","309 846,00","313 660,00","313 660,00","1 691 800 000,00",Before,Thursday,September,no
7197,NASDAQ,2012-09-26,"311 340,00","311 454,00","308 028,00","309 370,00","309 370,00","1 738 010 000,00",Before,Wednesday,September,no
7198,NASDAQ,2012-09-25,"317 037,00","317 630,00","311 773,00","311 773,00","311 773,00","1 975 470 000,00",Before,Tuesday,September,no
7199,NASDAQ,2012-09-24,"315 535,00","316 774,00","315 071,00","316 078,00","316 078,00","1 704 860 000,00",Before,Monday,September,no
7200,NASDAQ,2012-09-21,"319 486,00","319 693,00","317 809,00","317 996,00","317 996,00","2 526 250 000,00",Before,Friday,September,no
7201,NASDAQ,2012-09-20,"316 684,00","317 845,00","315 646,00","317 596,00","317 596,00","1 809 130 000,00",Before,Thursday,September,no
7202,NASDAQ,2012-09-19,"317 904,00","318 935,00","317 029,00","318 262,00","318 262,00","1 850 920 000,00",Before,Wednesday,September,no
7203,NASDAQ,2012-09-18,"317 362,00","317 937,00","316 941,00","317 780,00","317 780,00","1 707 200 000,00",Before,Tuesday,September,no
7204,NASDAQ,2012-09-17,"318 340,00","318 340,00","316 863,00","317 867,00","317 867,00","1 485 390 000,00",Before,Monday,September,no
7205,NASDAQ,2012-09-14,"316 624,00","319 567,00","316 426,00","318 395,00","318 395,00","1 984 720 000,00",Before,Friday,September,no
7206,NASDAQ,2012-09-13,"311 766,00","316 763,00","311 262,00","315 583,00","315 583,00","1 870 050 000,00",Before,Thursday,September,no
7207,NASDAQ,2012-09-12,"311 533,00","312 012,00","309 882,00","311 431,00","311 431,00","1 689 140 000,00",Before,Wednesday,September,no
7208,NASDAQ,2012-09-11,"310 502,00","311 786,00","309 910,00","310 453,00","310 453,00","1 586 250 000,00",Before,Tuesday,September,no
7209,NASDAQ,2012-09-10,"313 134,00","313 389,00","310 276,00","310 402,00","310 402,00","1 575 370 000,00",Before,Monday,September,no
7210,NASDAQ,2012-09-07,"313 322,00","313 961,00","312 817,00","313 642,00","313 642,00","1 740 640 000,00",Before,Friday,September,no
7211,NASDAQ,2012-09-06,"308 794,00","313 581,00","308 767,00","313 581,00","313 581,00","1 918 900 000,00",Before,Thursday,September,no
7212,NASDAQ,2012-09-05,"307 258,00","308 275,00","306 254,00","306 927,00","306 927,00","1 495 030 000,00",Before,Wednesday,September,no
7213,NASDAQ,2012-09-04,"306 325,00","308 226,00","304 024,00","307 506,00","307 506,00","1 505 960 000,00",Before,Tuesday,September,no
7214,NASDAQ,2012-08-31,"306 964,00","307 852,00","304 059,00","306 696,00","306 696,00","1 394 760 000,00",Before,Friday,August,no
7215,NASDAQ,2012-08-30,"306 673,00","306 754,00","304 592,00","304 871,00","304 871,00","1 216 640 000,00",Before,Thursday,August,no
7216,NASDAQ,2012-08-29,"307 805,00","308 724,00","306 762,00","308 119,00","308 119,00","1 282 900 000,00",Before,Wednesday,August,no
7217,NASDAQ,2012-08-28,"306 940,00","308 319,00","306 365,00","307 714,00","307 714,00","1 364 740 000,00",Before,Tuesday,August,no
7218,NASDAQ,2012-08-27,"308 362,00","308 581,00","306 813,00","307 319,00","307 319,00","1 383 530 000,00",Before,Monday,August,no
7219,NASDAQ,2012-08-24,"304 522,00","307 680,00","304 222,00","306 979,00","306 979,00","1 349 740 000,00",Before,Friday,August,no
7220,NASDAQ,2012-08-23,"306 582,00","307 034,00","304 552,00","305 340,00","305 340,00","1 383 860 000,00",Before,Thursday,August,no
7221,NASDAQ,2012-08-22,"305 994,00","308 073,00","305 343,00","307 367,00","307 367,00","1 459 130 000,00",Before,Wednesday,August,no
7222,NASDAQ,2012-08-21,"308 525,00","310 054,00","305 874,00","306 726,00","306 726,00","1 574 220 000,00",Before,Tuesday,August,no
7223,NASDAQ,2012-08-20,"307 266,00","307 621,00","305 990,00","307 621,00","307 621,00","1 451 550 000,00",Before,Monday,August,no
7224,NASDAQ,2012-08-17,"306 711,00","307 672,00","306 015,00","307 659,00","307 659,00","1 640 640 000,00",Before,Friday,August,no
7225,NASDAQ,2012-08-16,"303 718,00","306 744,00","303 328,00","306 239,00","306 239,00","1 937 430 000,00",Before,Thursday,August,no
7226,NASDAQ,2012-08-15,"301 333,00","303 206,00","301 333,00","303 093,00","303 093,00","1 536 730 000,00",Before,Wednesday,August,no
7227,NASDAQ,2012-08-14,"303 267,00","303 416,00","300 993,00","301 698,00","301 698,00","1 567 830 000,00",Before,Tuesday,August,no
7228,NASDAQ,2012-08-13,"301 827,00","302 303,00","299 912,00","302 252,00","302 252,00","1 353 380 000,00",Before,Monday,August,no
7229,NASDAQ,2012-08-10,"300 883,00","302 086,00","300 338,00","302 086,00","302 086,00","1 556 460 000,00",Before,Friday,August,no
7230,NASDAQ,2012-08-09,"300 986,00","302 269,00","300 730,00","301 864,00","301 864,00","1 677 970 000,00",Before,Thursday,August,no
7231,NASDAQ,2012-08-08,"300 377,00","301 890,00","300 241,00","301 125,00","301 125,00","1 874 580 000,00",Before,Wednesday,August,no
7232,NASDAQ,2012-08-07,"300 266,00","302 861,00","300 209,00","301 586,00","301 586,00","1 899 240 000,00",Before,Tuesday,August,no
7233,NASDAQ,2012-08-06,"297 816,00","300 024,00","297 423,00","298 991,00","298 991,00","1 528 260 000,00",Before,Monday,August,no
8649,Nikkei,2012-11-05,"900 081,00","904 018,00","898 469,00","900 744,00","900 744,00","101 400 000,00",Before,Monday,November,yes
8650,Nikkei,2012-11-02,"904 922,00","907 239,00","903 143,00","905 122,00","905 122,00","137 900 000,00",Before,Friday,November,yes
8651,Nikkei,2012-11-01,"893 171,00","897 608,00","887 148,00","894 687,00","894 687,00","140 600 000,00",Before,Thursday,November,yes
8652,Nikkei,2012-10-31,"891 108,00","898 558,00","890 544,00","892 829,00","892 829,00","135 500 000,00",Before,Wednesday,October,no
8653,Nikkei,2012-10-30,"894 182,00","899 581,00","884 198,00","884 198,00","884 198,00","149 200 000,00",Before,Tuesday,October,no
8654,Nikkei,2012-10-29,"895 879,00","898 605,00","890 937,00","892 934,00","892 934,00","97 300 000,00",Before,Monday,October,no
8655,Nikkei,2012-10-26,"905 893,00","907 559,00","893 306,00","893 306,00","893 306,00","132 100 000,00",Before,Friday,October,no
8656,Nikkei,2012-10-25,"895 213,00","905 731,00","894 185,00","905 520,00","905 520,00","115 600 000,00",Before,Thursday,October,no
8657,Nikkei,2012-10-24,"889 641,00","904 380,00","889 641,00","895 430,00","895 430,00","133 000 000,00",Before,Wednesday,October,no
8658,Nikkei,2012-10-23,"906 603,00","907 558,00","897 050,00","901 425,00","901 425,00","116 300 000,00",Before,Tuesday,October,no
8659,Nikkei,2012-10-22,"887 452,00","903 155,00","886 779,00","901 071,00","901 071,00","118 300 000,00",Before,Monday,October,no
8660,Nikkei,2012-10-19,"894 403,00","901 690,00","894 038,00","900 268,00","900 268,00","134 700 000,00",Before,Friday,October,no
8661,Nikkei,2012-10-18,"888 656,00","899 236,00","887 717,00","898 286,00","898 286,00","165 000 000,00",Before,Thursday,October,no
8662,Nikkei,2012-10-17,"877 739,00","883 719,00","875 870,00","880 655,00","880 655,00","139 700 000,00",Before,Wednesday,October,no
8663,Nikkei,2012-10-16,"863 868,00","870 795,00","863 368,00","870 131,00","870 131,00","119 800 000,00",Before,Tuesday,October,no
8664,Nikkei,2012-10-15,"851 777,00","859 511,00","848 814,00","857 793,00","857 793,00","126 900 000,00",Before,Monday,October,no
8665,Nikkei,2012-10-12,"860 770,00","862 018,00","851 611,00","853 412,00","853 412,00","139 400 000,00",Before,Friday,October,no
8666,Nikkei,2012-10-11,"851 463,00","860 742,00","851 463,00","854 678,00","854 678,00","132 900 000,00",Before,Thursday,October,no
8667,Nikkei,2012-10-10,"865 055,00","866 068,00","857 825,00","859 623,00","859 623,00","122 300 000,00",Before,Wednesday,October,no
8668,Nikkei,2012-10-09,"882 239,00","884 069,00","876 555,00","876 959,00","876 959,00","124 400 000,00",Before,Tuesday,October,no
8669,Nikkei,2012-10-05,"885 029,00","888 023,00","880 579,00","886 330,00","886 330,00","112 100 000,00",Before,Friday,October,no
8670,Nikkei,2012-10-04,"878 313,00","886 592,00","873 831,00","882 459,00","882 459,00","123 500 000,00",Before,Thursday,October,no
8671,Nikkei,2012-10-03,"877 826,00","880 675,00","872 956,00","874 687,00","874 687,00","103 500 000,00",Before,Wednesday,October,no
8672,Nikkei,2012-10-02,"882 636,00","884 333,00","877 475,00","878 605,00","878 605,00","98 200 000,00",Before,Tuesday,October,no
8673,Nikkei,2012-10-01,"881 507,00","882 935,00","875 907,00","879 651,00","879 651,00","99 100 000,00",Before,Monday,October,no
8674,Nikkei,2012-09-28,"898 663,00","898 908,00","883 885,00","887 016,00","887 016,00","135 600 000,00",Before,Friday,September,no
8675,Nikkei,2012-09-27,"885 631,00","895 925,00","884 406,00","894 987,00","894 987,00","124 700 000,00",Before,Thursday,September,no
8676,Nikkei,2012-09-26,"894 175,00","897 175,00","889 402,00","890 670,00","890 670,00","109 300 000,00",Before,Wednesday,September,no
8677,Nikkei,2012-09-25,"903 137,00","911 254,00","902 363,00","909 154,00","909 154,00","128 400 000,00",Before,Tuesday,September,no
8678,Nikkei,2012-09-24,"907 132,00","909 197,00","903 113,00","906 929,00","906 929,00","105 900 000,00",Before,Monday,September,no
8679,Nikkei,2012-09-21,"911 330,00","915 933,00","910 395,00","911 000,00","911 000,00","121 700 000,00",Before,Friday,September,no
8680,Nikkei,2012-09-20,"917 419,00","921 557,00","907 919,00","908 698,00","908 698,00","144 600 000,00",Before,Thursday,September,no
8681,Nikkei,2012-09-19,"916 652,00","928 853,00","914 075,00","923 221,00","923 221,00","157 200 000,00",Before,Wednesday,September,no
8682,Nikkei,2012-09-18,"915 549,00","918 044,00","912 061,00","912 377,00","912 377,00","137 600 000,00",Before,Tuesday,September,no
8683,Nikkei,2012-09-14,"909 792,00","919 327,00","908 180,00","915 939,00","915 939,00","198 000 000,00",Before,Friday,September,no
8684,Nikkei,2012-09-13,"895 001,00","902 220,00","893 210,00","899 515,00","899 515,00","95 000 000,00",Before,Thursday,September,no
8685,Nikkei,2012-09-12,"882 721,00","895 996,00","882 180,00","895 996,00","895 996,00","116 100 000,00",Before,Wednesday,September,no
8686,Nikkei,2012-09-11,"881 133,00","881 403,00","876 947,00","880 738,00","880 738,00","95 400 000,00",Before,Tuesday,September,no
8687,Nikkei,2012-09-10,"885 319,00","887 454,00","883 818,00","886 937,00","886 937,00","111 800 000,00",Before,Monday,September,no
8688,Nikkei,2012-09-07,"882 137,00","887 165,00","880 427,00","887 165,00","887 165,00","157 100 000,00",Before,Friday,September,no
8689,Nikkei,2012-09-06,"869 034,00","869 700,00","864 603,00","868 057,00","868 057,00","119 100 000,00",Before,Thursday,September,no
8690,Nikkei,2012-09-05,"875 659,00","875 926,00","867 982,00","867 982,00","867 982,00","111 700 000,00",Before,Wednesday,September,no
8691,Nikkei,2012-09-04,"878 797,00","880 444,00","872 922,00","877 551,00","877 551,00","110 800 000,00",Before,Tuesday,September,no
8692,Nikkei,2012-09-03,"883 661,00","889 339,00","877 340,00","878 389,00","878 389,00","123 400 000,00",Before,Monday,September,no
8693,Nikkei,2012-08-31,"889 175,00","893 399,00","883 991,00","883 991,00","883 991,00","122 800 000,00",Before,Friday,August,no
8694,Nikkei,2012-08-30,"906 207,00","906 207,00","896 024,00","898 378,00","898 378,00","98 300 000,00",Before,Thursday,August,no
8695,Nikkei,2012-08-29,"904 573,00","907 399,00","903 383,00","906 981,00","906 981,00","107 500 000,00",Before,Wednesday,August,no
8696,Nikkei,2012-08-28,"913 851,00","914 062,00","898 899,00","903 329,00","903 329,00","124 000 000,00",Before,Tuesday,August,no
8697,Nikkei,2012-08-27,"914 041,00","915 048,00","908 487,00","908 539,00","908 539,00","79 500 000,00",Before,Monday,August,no
8698,Nikkei,2012-08-24,"906 995,00","909 067,00","904 579,00","907 076,00","907 076,00","85 700 000,00",Before,Friday,August,no
8699,Nikkei,2012-08-23,"908 067,00","919 447,00","906 254,00","917 812,00","917 812,00","102 800 000,00",Before,Thursday,August,no
8700,Nikkei,2012-08-22,"915 069,00","916 297,00","907 508,00","913 174,00","913 174,00","85 900 000,00",Before,Wednesday,August,no
8701,Nikkei,2012-08-21,"916 515,00","919 667,00","914 607,00","915 692,00","915 692,00","84 200 000,00",Before,Tuesday,August,no
8702,Nikkei,2012-08-20,"920 236,00","922 287,00","915 079,00","917 116,00","917 116,00","91 300 000,00",Before,Monday,August,no
8703,Nikkei,2012-08-17,"912 022,00","918 157,00","909 700,00","916 250,00","916 250,00","132 500 000,00",Before,Friday,August,no
8704,Nikkei,2012-08-16,"896 711,00","909 409,00","896 297,00","909 276,00","909 276,00","115 300 000,00",Before,Thursday,August,no
8705,Nikkei,2012-08-15,"896 028,00","896 028,00","886 606,00","892 504,00","892 504,00","104 400 000,00",Before,Wednesday,August,no
8706,Nikkei,2012-08-14,"891 370,00","897 099,00","889 787,00","892 988,00","892 988,00","117 500 000,00",Before,Tuesday,August,no
8707,Nikkei,2012-08-13,"887 168,00","890 621,00","886 763,00","888 515,00","888 515,00","72 100 000,00",Before,Monday,August,no
8708,Nikkei,2012-08-10,"893 192,00","895 485,00","885 723,00","889 144,00","889 144,00","120 000 000,00",Before,Friday,August,no
8709,Nikkei,2012-08-09,"887 081,00","900 481,00","886 217,00","897 860,00","897 860,00","151 200 000,00",Before,Thursday,August,no
8710,Nikkei,2012-08-08,"888 938,00","896 295,00","885 159,00","888 116,00","888 116,00","162 300 000,00",Before,Wednesday,August,no
8711,Nikkei,2012-08-07,"871 412,00","881 242,00","871 190,00","880 331,00","880 331,00","109 300 000,00",Before,Tuesday,August,no
8712,Nikkei,2012-08-06,"868 320,00","875 180,00","867 625,00","872 629,00","872 629,00","113 000 000,00",Before,Monday,August,no
10147,Taux10ans,2012-11-05,"132 843 750,00","133 234 375,00","132 781 250,00","133 140 625,00","133 140 625,00","724 924,00",Before,Monday,November,yes
10148,Taux10ans,2012-11-02,"132 734 375,00","132 890 625,00","132 312 500,00","132 781 250,00","132 781 250,00","1 064 655,00",Before,Friday,November,yes
10149,Taux10ans,2012-11-01,"132 953 125,00","132 968 750,00","132 656 250,00","132 828 125,00","132 828 125,00","815 160,00",Before,Thursday,November,yes
10150,Taux10ans,2012-10-31,"132 640 625,00","133 062 500,00","132 390 625,00","133 031 250,00","133 031 250,00","995 044,00",Before,Wednesday,October,no
10151,Taux10ans,2012-10-26,"131 875 000,00","132 609 375,00","131 781 250,00","132 562 500,00","132 562 500,00","1 121 916,00",Before,Friday,October,no
10152,Taux10ans,2012-10-25,"132 265 625,00","132 296 875,00","131 687 500,00","131 906 250,00","131 906 250,00","1 293 522,00",Before,Thursday,October,no
10153,Taux10ans,2012-10-24,"132 406 250,00","132 500 000,00","132 156 250,00","132 375 000,00","132 375 000,00","942 403,00",Before,Wednesday,October,no
10154,Taux10ans,2012-10-23,"131 937 500,00","132 453 125,00","131 921 875,00","132 375 000,00","132 375 000,00","854 351,00",Before,Tuesday,October,no
10155,Taux10ans,2012-10-22,"132 375 000,00","132 421 875,00","131 921 875,00","132 109 375,00","132 109 375,00","770 503,00",Before,Monday,October,no
10156,Taux10ans,2012-10-19,"131 906 250,00","132 468 750,00","131 906 250,00","132 390 625,00","132 390 625,00","816 459,00",Before,Friday,October,no
10157,Taux10ans,2012-10-18,"132 015 625,00","132 296 875,00","131 906 250,00","131 984 375,00","131 984 375,00","1 138 606,00",Before,Thursday,October,no
10158,Taux10ans,2012-10-17,"132 781 250,00","132 828 125,00","132 000 000,00","132 078 125,00","132 078 125,00","1 228 766,00",Before,Wednesday,October,no
10159,Taux10ans,2012-10-16,"133 312 500,00","133 343 750,00","132 796 875,00","132 875 000,00","132 875 000,00","906 777,00",Before,Tuesday,October,no
10160,Taux10ans,2012-10-15,"133 312 500,00","133 406 250,00","133 078 125,00","133 312 500,00","133 312 500,00","622 721,00",Before,Monday,October,no
10161,Taux10ans,2012-10-12,"133 281 250,00","133 531 250,00","133 093 750,00","133 312 500,00","133 312 500,00","722 570,00",Before,Friday,October,no
10162,Taux10ans,2012-10-11,"133 343 750,00","133 390 625,00","132 828 125,00","133 265 625,00","133 265 625,00","1 007 180,00",Before,Thursday,October,no
10163,Taux10ans,2012-10-10,"133 062 500,00","133 359 375,00","132 812 500,00","133 218 750,00","133 218 750,00","839 163,00",Before,Wednesday,October,no
10164,Taux10ans,2012-10-09,"133 218 750,00","133 343 750,00","132 937 500,00","133 046 875,00","133 046 875,00","738 769,00",Before,Tuesday,October,no
10165,Taux10ans,2012-10-08,"132 890 625,00","133 281 250,00","132 890 625,00","133 265 625,00","133 265 625,00","165 798,00",Before,Monday,October,no
10166,Taux10ans,2012-10-05,"133 375 000,00","133 484 375,00","132 859 375,00","132 921 875,00","132 921 875,00","1 001 753,00",Before,Friday,October,no
10167,Taux10ans,2012-10-04,"133 750 000,00","133 765 625,00","133 312 500,00","133 421 875,00","133 421 875,00","740 394,00",Before,Thursday,October,no
10168,Taux10ans,2012-10-03,"133 593 750,00","133 796 875,00","133 515 625,00","133 734 375,00","133 734 375,00","770 031,00",Before,Wednesday,October,no
10169,Taux10ans,2012-10-02,"133 562 500,00","133 687 500,00","133 390 625,00","133 640 625,00","133 640 625,00","645 787,00",Before,Tuesday,October,no
10170,Taux10ans,2012-10-01,"133 468 750,00","133 671 875,00","133 359 375,00","133 578 125,00","133 578 125,00","765 522,00",Before,Monday,October,no
10171,Taux10ans,2012-09-28,"133 421 875,00","133 843 750,00","133 359 375,00","133 484 375,00","133 484 375,00","983 347,00",Before,Friday,September,no
10172,Taux10ans,2012-09-27,"133 625 000,00","133 625 000,00","133 328 125,00","133 500 000,00","133 500 000,00","953 865,00",Before,Thursday,September,no
10173,Taux10ans,2012-09-26,"133 218 750,00","133 671 875,00","133 140 625,00","133 640 625,00","133 640 625,00","863 167,00",Before,Wednesday,September,no
10174,Taux10ans,2012-09-25,"132 984 375,00","133 250 000,00","132 734 375,00","133 171 875,00","133 171 875,00","896 614,00",Before,Tuesday,September,no
10175,Taux10ans,2012-09-24,"132 703 125,00","133 046 875,00","132 640 625,00","132 921 875,00","132 921 875,00","531 172,00",Before,Monday,September,no
10176,Taux10ans,2012-09-21,"132 437 500,00","132 765 625,00","132 250 000,00","132 671 875,00","132 671 875,00","740 468,00",Before,Friday,September,no
10177,Taux10ans,2012-09-20,"132 437 500,00","132 875 000,00","132 343 750,00","132 406 250,00","132 406 250,00","923 448,00",Before,Thursday,September,no
10178,Taux10ans,2012-09-19,"133 531 250,00","133 796 875,00","133 312 500,00","133 546 875,00","133 546 875,00","868 748,00",Before,Wednesday,September,no
10179,Taux10ans,2012-09-18,"133 453 125,00","133 765 625,00","133 421 875,00","133 437 500,00","133 437 500,00","8 754,00",Before,Tuesday,September,no
10180,Taux10ans,2012-09-17,"133 078 125,00","133 453 125,00","133 046 875,00","133 312 500,00","133 312 500,00","6 839,00",Before,Monday,September,no
10181,Taux10ans,2012-09-14,"134 078 125,00","134 109 375,00","132 968 750,00","133 140 625,00","133 140 625,00","6 831,00",Before,Friday,September,no
10182,Taux10ans,2012-09-13,"133 609 375,00","134 125 000,00","133 125 000,00","133 968 750,00","133 968 750,00","8 937,00",Before,Thursday,September,no
10183,Taux10ans,2012-09-12,"133 875 000,00","133 984 375,00","133 500 000,00","133 531 250,00","133 531 250,00","7 957,00",Before,Wednesday,September,no
10184,Taux10ans,2012-09-11,"134 203 125,00","134 265 625,00","133 859 375,00","133 937 500,00","133 937 500,00","13 686,00",Before,Tuesday,September,no
10185,Taux10ans,2012-09-10,"134 109 375,00","134 296 875,00","133 937 500,00","133 968 750,00","133 968 750,00","12 763,00",Before,Monday,September,no
10186,Taux10ans,2012-09-07,"133 781 250,00","134 609 375,00","133 390 625,00","134 125 000,00","134 125 000,00","23 710,00",Before,Friday,September,no
10187,Taux10ans,2012-09-06,"134 406 250,00","134 453 125,00","133 765 625,00","133 843 750,00","133 843 750,00","31 955,00",Before,Thursday,September,no
10188,Taux10ans,2012-09-05,"134 484 375,00","134 734 375,00","134 359 375,00","134 421 875,00","134 421 875,00","41 638,00",Before,Wednesday,September,no
10189,Taux10ans,2012-09-04,"134 796 875,00","134 859 375,00","134 406 250,00","134 453 125,00","134 453 125,00","119 286,00",Before,Tuesday,September,no
10190,Taux10ans,2012-08-31,"134 140 625,00","134 875 000,00","133 906 250,00","134 750 000,00","134 750 000,00","279 292,00",Before,Friday,August,no
10191,Taux10ans,2012-08-30,"133 875 000,00","134 265 625,00","133 796 875,00","134 187 500,00","134 187 500,00","1 069 979,00",Before,Thursday,August,no
10192,Taux10ans,2012-08-29,"133 906 250,00","134 031 250,00","133 656 250,00","133 843 750,00","133 843 750,00","1 547 323,00",Before,Wednesday,August,no
10193,Taux10ans,2012-08-28,"133 781 250,00","134 093 750,00","133 718 750,00","133 953 125,00","133 953 125,00","1 272 631,00",Before,Tuesday,August,no
10194,Taux10ans,2012-08-27,"133 531 250,00","133 875 000,00","133 453 125,00","133 812 500,00","133 812 500,00","731 801,00",Before,Monday,August,no
10195,Taux10ans,2012-08-24,"133 578 125,00","133 953 125,00","133 484 375,00","133 578 125,00","133 578 125,00","840 043,00",Before,Friday,August,no
10196,Taux10ans,2012-08-23,"133 484 375,00","133 796 875,00","133 312 500,00","133 687 500,00","133 687 500,00","966 704,00",Before,Thursday,August,no
10197,Taux10ans,2012-08-22,"132 640 625,00","133 546 875,00","132 625 000,00","133 312 500,00","133 312 500,00","1 143 315,00",Before,Wednesday,August,no
10198,Taux10ans,2012-08-21,"132 562 500,00","132 687 500,00","132 187 500,00","132 609 375,00","132 609 375,00","947 738,00",Before,Tuesday,August,no
10199,Taux10ans,2012-08-20,"132 515 625,00","132 687 500,00","132 171 875,00","132 515 625,00","132 515 625,00","674 677,00",Before,Monday,August,no
10200,Taux10ans,2012-08-17,"132 343 750,00","132 671 875,00","132 312 500,00","132 500 000,00","132 500 000,00","678 183,00",Before,Friday,August,no
10201,Taux10ans,2012-08-16,"132 484 375,00","132 703 125,00","132 156 250,00","132 359 375,00","132 359 375,00","1 083 471,00",Before,Thursday,August,no
10202,Taux10ans,2012-08-15,"133 078 125,00","133 187 500,00","132 468 750,00","132 578 125,00","132 578 125,00","1 217 534,00",Before,Wednesday,August,no
10203,Taux10ans,2012-08-14,"133 562 500,00","133 640 625,00","133 046 875,00","133 140 625,00","133 140 625,00","952 133,00",Before,Tuesday,August,no
10204,Taux10ans,2012-08-13,"133 671 875,00","133 859 375,00","133 500 000,00","133 625 000,00","133 625 000,00","529 257,00",Before,Monday,August,no
10205,Taux10ans,2012-08-10,"133 421 875,00","133 859 375,00","133 375 000,00","133 734 375,00","133 734 375,00","584 728,00",Before,Friday,August,no
10206,Taux10ans,2012-08-09,"133 406 250,00","133 562 500,00","133 156 250,00","133 453 125,00","133 453 125,00","892 276,00",Before,Thursday,August,no
10207,Taux10ans,2012-08-08,"133 531 250,00","133 781 250,00","133 312 500,00","133 484 375,00","133 484 375,00","829 756,00",Before,Wednesday,August,no
10208,Taux10ans,2012-08-07,"134 031 250,00","134 125 000,00","133 437 500,00","133 578 125,00","133 578 125,00","877 622,00",Before,Tuesday,August,no
10209,Taux10ans,2012-08-06,"133 984 375,00","134 312 500,00","133 859 375,00","134 109 375,00","134 109 375,00","577 265,00",Before,Monday,August,no
11656,VIX,2012-11-05,"18,33","18,70","18,13","18,42","18,42",nan,Before,Monday,November,yes
11657,VIX,2012-11-02,"16,06","17,60","16,05","17,59","17,59",nan,Before,Friday,November,yes
11658,VIX,2012-11-01,"17,77","17,79","16,45","16,69","16,69",nan,Before,Thursday,November,yes
11659,VIX,2012-10-31,"17,68","18,84","17,56","18,60","18,60",nan,Before,Wednesday,October,no
11660,VIX,2012-10-26,"18,03","18,64","17,52","17,81","17,81",nan,Before,Friday,October,no
11661,VIX,2012-10-25,"17,56","18,64","17,30","18,12","18,12",nan,Before,Thursday,October,no
11662,VIX,2012-10-24,"18,22","18,67","17,93","18,33","18,33",nan,Before,Wednesday,October,no
11663,VIX,2012-10-23,"18,23","19,65","18,17","18,83","18,83",nan,Before,Tuesday,October,no
11664,VIX,2012-10-22,"17,44","17,98","16,62","16,62","16,62",nan,Before,Monday,October,no
11665,VIX,2012-10-19,"14,91","17,60","14,90","17,06","17,06",nan,Before,Friday,October,no
11666,VIX,2012-10-18,"15,25","15,50","14,68","15,03","15,03",nan,Before,Thursday,October,no
11667,VIX,2012-10-17,"15,43","15,63","14,90","15,07","15,07",nan,Before,Wednesday,October,no
11668,VIX,2012-10-16,"14,84","15,23","14,50","15,22","15,22",nan,Before,Tuesday,October,no
11669,VIX,2012-10-15,"16,05","16,21","15,23","15,27","15,27",nan,Before,Monday,October,no
11670,VIX,2012-10-12,"15,41","16,18","14,96","16,14","16,14",nan,Before,Friday,October,no
11671,VIX,2012-10-11,"15,33","15,80","15,31","15,59","15,59",nan,Before,Thursday,October,no
11672,VIX,2012-10-10,"16,52","16,79","16,13","16,29","16,29",nan,Before,Wednesday,October,no
11673,VIX,2012-10-09,"15,28","16,40","15,18","16,37","16,37",nan,Before,Tuesday,October,no
11674,VIX,2012-10-08,"15,19","15,46","15,04","15,11","15,11",nan,Before,Monday,October,no
11675,VIX,2012-10-05,"13,68","14,78","13,67","14,33","14,33",nan,Before,Friday,October,no
11676,VIX,2012-10-04,"15,23","15,33","14,53","14,55","14,55",nan,Before,Thursday,October,no
11677,VIX,2012-10-03,"15,63","16,02","15,13","15,43","15,43",nan,Before,Wednesday,October,no
11678,VIX,2012-10-02,"15,85","16,50","15,70","15,71","15,71",nan,Before,Tuesday,October,no
11679,VIX,2012-10-01,"16,03","16,53","15,13","16,32","16,32",nan,Before,Monday,October,no
11680,VIX,2012-09-28,"15,23","15,77","14,95","15,73","15,73",nan,Before,Friday,September,no
11681,VIX,2012-09-27,"16,38","16,50","14,83","14,84","14,84",nan,Before,Thursday,September,no
11682,VIX,2012-09-26,"15,83","17,08","15,83","16,81","16,81",nan,Before,Wednesday,September,no
11683,VIX,2012-09-25,"14,19","15,72","14,03","15,43","15,43",nan,Before,Tuesday,September,no
11684,VIX,2012-09-24,"15,06","15,06","13,87","14,15","14,15",nan,Before,Monday,September,no
11685,VIX,2012-09-21,"13,94","14,18","13,69","13,98","13,98",nan,Before,Friday,September,no
11686,VIX,2012-09-20,"14,63","14,67","14,07","14,07","14,07",nan,Before,Thursday,September,no
11687,VIX,2012-09-19,"13,95","14,08","13,61","13,88","13,88",nan,Before,Wednesday,September,no
11688,VIX,2012-09-18,"14,51","14,88","13,97","14,18","14,18",nan,Before,Tuesday,September,no
11689,VIX,2012-09-17,"14,67","14,92","14,38","14,59","14,59",nan,Before,Monday,September,no
11690,VIX,2012-09-14,"13,82","14,71","13,51","14,51","14,51",nan,Before,Friday,September,no
11691,VIX,2012-09-13,"15,60","16,54","13,91","14,05","14,05",nan,Before,Thursday,September,no
11692,VIX,2012-09-12,"15,59","16,31","15,43","15,80","15,80",nan,Before,Wednesday,September,no
11693,VIX,2012-09-11,"16,11","16,41","15,46","16,41","16,41",nan,Before,Tuesday,September,no
11694,VIX,2012-09-10,"14,27","16,28","13,97","16,28","16,28",nan,Before,Monday,September,no
11695,VIX,2012-09-07,"15,60","15,60","14,33","14,38","14,38",nan,Before,Friday,September,no
11696,VIX,2012-09-06,"17,30","17,30","15,60","15,60","15,60",nan,Before,Thursday,September,no
11697,VIX,2012-09-05,"17,38","17,84","16,99","17,74","17,74",nan,Before,Wednesday,September,no
11698,VIX,2012-09-04,"18,65","18,96","17,85","17,98","17,98",nan,Before,Tuesday,September,no
11699,VIX,2012-08-31,"17,25","18,04","16,56","17,47","17,47",nan,Before,Friday,August,no
11700,VIX,2012-08-30,"17,48","18,05","17,44","17,83","17,83",nan,Before,Thursday,August,no
11701,VIX,2012-08-29,"16,61","17,06","16,50","17,06","17,06",nan,Before,Wednesday,August,no
11702,VIX,2012-08-28,"16,32","16,92","16,01","16,49","16,49",nan,Before,Tuesday,August,no
11703,VIX,2012-08-27,"16,15","16,38","15,75","16,35","16,35",nan,Before,Monday,August,no
11704,VIX,2012-08-24,"15,99","16,00","15,18","15,18","15,18",nan,Before,Friday,August,no
11705,VIX,2012-08-23,"15,00","16,45","15,00","15,96","15,96",nan,Before,Thursday,August,no
11706,VIX,2012-08-22,"15,32","15,52","14,75","15,11","15,11",nan,Before,Wednesday,August,no
11707,VIX,2012-08-21,"14,10","15,44","13,46","15,02","15,02",nan,Before,Tuesday,August,no
11708,VIX,2012-08-20,"14,11","14,78","13,38","14,02","14,02",nan,Before,Monday,August,no
11709,VIX,2012-08-17,"14,23","14,30","13,30","13,45","13,45",nan,Before,Friday,August,no
11710,VIX,2012-08-16,"14,88","15,15","14,28","14,29","14,29",nan,Before,Thursday,August,no
11711,VIX,2012-08-15,"14,82","14,98","14,36","14,63","14,63",nan,Before,Wednesday,August,no
11712,VIX,2012-08-14,"13,91","15,06","13,91","14,85","14,85",nan,Before,Tuesday,August,no
11713,VIX,2012-08-13,"14,09","14,67","13,67","13,70","13,70",nan,Before,Monday,August,no
11714,VIX,2012-08-10,"15,34","15,50","14,73","14,74","14,74",nan,Before,Friday,August,no
11715,VIX,2012-08-09,"15,39","15,67","15,28","15,28","15,28",nan,Before,Thursday,August,no
11716,VIX,2012-08-08,"16,46","16,47","15,27","15,32","15,32",nan,Before,Wednesday,August,no
11717,VIX,2012-08-07,"15,55","16,03","15,48","15,99","15,99",nan,Before,Tuesday,August,no
11718,VIX,2012-08-06,"15,85","16,27","15,82","15,95","15,95",nan,Before,Monday,August,no
13163,DowJ,2012-11-05,"12 989,00","13 078,00","12 973,00","13 053,00","13 053,00","83 754,00",Before,Monday,November,yes
13164,DowJ,2012-11-02,"13 165,00","13 226,00","12 988,00","12 991,00","12 991,00","120 034,00",Before,Friday,November,yes
13165,DowJ,2012-11-01,"12 991,00","13 212,00","12 969,00","13 165,00","13 165,00","121 161,00",Before,Thursday,November,yes
13166,DowJ,2012-10-31,"13 077,00","13 124,00","12 987,00","13 030,00","13 030,00","111 943,00",Before,Wednesday,October,no
13167,DowJ,2012-10-26,"13 066,00","13 087,00","12 937,00","13 054,00","13 054,00","128 805,00",Before,Friday,October,no
13168,DowJ,2012-10-25,"13 026,00","13 119,00","12 974,00","13 056,00","13 056,00","124 932,00",Before,Thursday,October,no
13169,DowJ,2012-10-24,"13 038,00","13 096,00","12 999,00","13 021,00","13 021,00","124 742,00",Before,Wednesday,October,no
13170,DowJ,2012-10-23,"13 293,00","13 316,00","13 021,00","13 041,00","13 041,00","179 734,00",Before,Tuesday,October,no
13171,DowJ,2012-10-22,"13 251,00","13 308,00","13 174,00","13 292,00","13 292,00","123 349,00",Before,Monday,October,no
13172,DowJ,2012-10-19,"13 483,00","13 499,00","13 246,00","13 252,00","13 252,00","162 751,00",Before,Friday,October,no
13173,DowJ,2012-10-18,"13 485,00","13 530,00","13 451,00","13 487,00","13 487,00","119 365,00",Before,Thursday,October,no
13174,DowJ,2012-10-17,"13 448,00","13 498,00","13 432,00","13 489,00","13 489,00","110 838,00",Before,Wednesday,October,no
13175,DowJ,2012-10-16,"13 356,00","13 487,00","13 347,00","13 453,00","13 453,00","114 773,00",Before,Tuesday,October,no
13176,DowJ,2012-10-15,"13 255,00","13 369,00","13 208,00","13 359,00","13 359,00","107 657,00",Before,Monday,October,no
13177,DowJ,2012-10-12,"13 262,00","13 334,00","13 227,00","13 245,00","13 245,00","104 932,00",Before,Friday,October,no
13178,DowJ,2012-10-11,"13 266,00","13 361,00","13 227,00","13 265,00","13 265,00","112 961,00",Before,Thursday,October,no
13179,DowJ,2012-10-10,"13 420,00","13 428,00","13 260,00","13 268,00","13 268,00","132 756,00",Before,Wednesday,October,no
13180,DowJ,2012-10-09,"13 502,00","13 545,00","13 403,00","13 412,00","13 412,00","137 525,00",Before,Tuesday,October,no
13181,DowJ,2012-10-08,"13 550,00","13 550,00","13 475,00","13 501,00","13 501,00","68 415,00",Before,Monday,October,no
13182,DowJ,2012-10-05,"13 498,00","13 599,00","13 489,00","13 536,00","13 536,00","110 153,00",Before,Friday,October,no
13183,DowJ,2012-10-04,"13 424,00","13 525,00","13 422,00","13 498,00","13 498,00","112 527,00",Before,Thursday,October,no
13184,DowJ,2012-10-03,"13 409,00","13 463,00","13 360,00","13 426,00","13 426,00","119 271,00",Before,Wednesday,October,no
13185,DowJ,2012-10-02,"13 434,00","13 499,00","13 347,00","13 411,00","13 411,00","135 663,00",Before,Tuesday,October,no
13186,DowJ,2012-10-01,"13 349,00","13 526,00","13 313,00","13 437,00","13 437,00","147 569,00",Before,Monday,October,no
13187,DowJ,2012-09-28,"13 412,00","13 433,00","13 293,00","13 355,00","13 355,00","146 311,00",Before,Friday,September,no
13188,DowJ,2012-09-27,"13 347,00","13 453,00","13 343,00","13 414,00","13 414,00","123 345,00",Before,Thursday,September,no
13189,DowJ,2012-09-26,"13 405,00","13 426,00","13 332,00","13 345,00","13 345,00","121 899,00",Before,Wednesday,September,no
13190,DowJ,2012-09-25,"13 491,00","13 548,00","13 386,00","13 405,00","13 405,00","127 444,00",Before,Tuesday,September,no
13191,DowJ,2012-09-24,"13 490,00","13 530,00","13 438,00","13 489,00","13 489,00","93 917,00",Before,Monday,September,no
13192,DowJ,2012-09-21,"13 578,00","13 717,00","13 578,00","13 652,29","13 652,29","93 398,00",Before,Friday,September,no
13193,DowJ,2012-09-20,"13 570,00","13 604,00","13 501,00","13 593,00","13 593,00","15 522,00",Before,Thursday,September,no
13194,DowJ,2012-09-19,"13 571,00","13 632,00","13 557,00","13 570,00","13 570,00","27 829,00",Before,Wednesday,September,no
13195,DowJ,2012-09-18,"13 536,00","13 583,00","13 501,00","13 570,00","13 570,00","32 808,00",Before,Tuesday,September,no
13196,DowJ,2012-09-17,"13 590,00","13 594,00","13 526,00","13 541,00","13 541,00","37 445,00",Before,Monday,September,no
13197,DowJ,2012-09-14,"13 513,00","13 651,00","13 510,00","13 592,00","13 592,00","76 027,00",Before,Friday,September,no
13198,DowJ,2012-09-13,"13 352,00","13 575,00","13 324,00","13 520,00","13 520,00","144 285,00",Before,Thursday,September,no
13199,DowJ,2012-09-12,"13 294,00","13 376,00","13 284,00","13 361,00","13 361,00","106 387,00",Before,Wednesday,September,no
13200,DowJ,2012-09-11,"13 232,00","13 349,00","13 195,00","13 293,00","13 293,00","90 819,00",Before,Tuesday,September,no
13201,DowJ,2012-09-10,"13 285,00","13 318,00","13 231,00","13 237,00","13 237,00","72 331,00",Before,Monday,September,no
13202,DowJ,2012-09-07,"13 276,00","13 324,00","13 263,00","13 296,00","13 296,00","101 796,00",Before,Friday,September,no
13203,DowJ,2012-09-06,"13 051,00","13 288,00","13 044,00","13 275,00","13 275,00","139 593,00",Before,Thursday,September,no
13204,DowJ,2012-09-05,"13 051,00","13 086,00","12 982,00","13 050,00","13 050,00","104 430,00",Before,Wednesday,September,no
13205,DowJ,2012-09-04,"13 062,00","13 121,00","12 965,00","13 050,00","13 050,00","134 241,00",Before,Tuesday,September,no
13206,DowJ,2012-08-31,"12 984,00","13 144,00","12 971,00","13 079,00","13 079,00","158 861,00",Before,Friday,August,no
13207,DowJ,2012-08-30,"13 082,00","13 088,00","12 966,00","12 982,00","12 982,00","103 447,00",Before,Thursday,August,no
13208,DowJ,2012-08-29,"13 084,00","13 131,00","13 065,00","13 084,00","13 084,00","82 619,00",Before,Wednesday,August,no
13209,DowJ,2012-08-28,"13 104,00","13 135,00","13 063,00","13 086,00","13 086,00","90 855,00",Before,Tuesday,August,no
13210,DowJ,2012-08-27,"13 159,00","13 186,00","13 101,00","13 107,00","13 107,00","74 989,00",Before,Monday,August,no
13211,DowJ,2012-08-24,"13 038,00","13 162,00","13 011,00","13 156,00","13 156,00","106 092,00",Before,Friday,August,no
13212,DowJ,2012-08-23,"13 154,00","13 215,00","13 024,00","13 039,00","13 039,00","113 820,00",Before,Thursday,August,no
13213,DowJ,2012-08-22,"13 199,00","13 206,00","13 099,00","13 156,00","13 156,00","129 720,00",Before,Wednesday,August,no
13214,DowJ,2012-08-21,"13 230,00","13 308,00","13 162,00","13 199,00","13 199,00","103 835,00",Before,Tuesday,August,no
13215,DowJ,2012-08-20,"13 249,00","13 268,00","13 204,00","13 229,00","13 229,00","68 977,00",Before,Monday,August,no
13216,DowJ,2012-08-17,"13 228,00","13 256,00","13 213,00","13 247,00","13 247,00","63 238,00",Before,Friday,August,no
13217,DowJ,2012-08-16,"13 137,00","13 246,00","13 120,00","13 225,00","13 225,00","96 188,00",Before,Thursday,August,no
13218,DowJ,2012-08-15,"13 130,00","13 170,00","13 099,00","13 135,00","13 135,00","80 307,00",Before,Wednesday,August,no
13219,DowJ,2012-08-14,"13 132,00","13 191,00","13 104,00","13 133,00","13 133,00","89 230,00",Before,Tuesday,August,no
13220,DowJ,2012-08-13,"13 160,00","13 183,00","13 073,00","13 137,00","13 137,00","89 320,00",Before,Monday,August,no
13221,DowJ,2012-08-10,"13 134,00","13 175,00","13 051,00","13 172,00","13 172,00","88 439,00",Before,Friday,August,no
13222,DowJ,2012-08-09,"13 123,00","13 185,00","13 082,00","13 138,00","13 138,00","83 054,00",Before,Thursday,August,no
13223,DowJ,2012-08-08,"13 117,00","13 156,00","13 046,00","13 120,00","13 120,00","82 212,00",Before,Wednesday,August,no
13224,DowJ,2012-08-07,"13 065,00","13 160,00","13 048,00","13 119,00","13 119,00","75 638,00",Before,Tuesday,August,no
13225,DowJ,2012-08-06,"13 064,00","13 133,00","13 034,00","13 067,00","13 067,00","72 418,00",Before,Monday,August,no
